{
    "main_script": "Euclidian3d.js",
    "icon": "../shared/img/logo.png",
    "width": 1200,
    "height": 800,
    "animation": true,
    "resize": "free",
    "dependencies": [
        "../shared/lib/Three.js",
        "../shared/lib/OrbitControls.js",
		"../shared/lib/SceneExporter.js",
		"../shared/lib/SceneLoader.js",
		"../shared/lib/dat.gui.js",
	    "../shared/dat/NFxyz.30.js",
	    "../shared/dat/xyz.30.js",
        "../shared/dat/xyz.festo.01.js",
		"../shared/dat/xyz.festo.02.js",
		"../shared/dat/xyz.festo.03.js",
        "../shared/dat/datamenu.js"
     
    ],
    "title": "Euclidian3d",
    "version": "1.0.1",
    "description": "Cloud-based Spatio-temporal Big Data Visualization 3js",
    "keywords": ["euclidean", "vxlab", "rmit"],
    "author": "Pretty Cure 5",
    "license": "RMIT"
}
